predict,actual
1.328910498521958,0.623775005341
1.253984378896419,0.691469013691
1.2032217877454472,0.8557710051540001
1.316647671196262,0.709383010864
0.8515530501955179,1.01454794407
1.6505622170371297,1.1157310009
1.5289016965960929,0.41828301549
1.2080226339627391,1.00228095055
1.4951343573706104,1.21886098385
1.5993498014132206,1.14329600334
1.601440897379598,0.652818977833
1.303651165009243,0.6746559739110001
1.238653064449114,0.6009536385540001
1.1558746639311406,0.6694570183749999
1.0432337225968644,0.653807997704
0.8666360450108938,0.781412005424
1.1997399111917981,1.20630395412
1.561009546807687,0.846925973892
1.361882727712512,0.82864099741
1.3272710275973996,0.648239016533
1.3260699422375901,0.56237000227
1.2370149704301707,0.718330979347
1.2041546942577226,1.09964799881
1.485060915889061,0.954171001911
1.4580589494464566,0.729013979435
1.030927046123112,0.669449985027
1.4804644871977333,0.863121986389
1.1673564680255106,0.646466016769
1.3433064703932067,0.822318017483
1.3304741337218584,0.9235979914670001
1.420000430912977,0.8300920128820001
1.372881026104278,1.06731402874
1.4876991729637963,1.54617500305
1.7908525882006519,0.682727992535
1.392801884714834,0.6385620236399999
1.1752333213873871,0.6464239954950001
1.337179452236746,0.688109397888
1.368925282187332,0.727398991585
1.1123455934722497,0.650035023689
1.3205011004344094,0.869369029999
1.35594551069933,0.44085800647699996
1.1837501181129293,0.451860994101
1.1188786928694079,0.757507026196
1.2235154700303004,0.495238989592
0.9895009342020534,0.685087025166
1.179688352463605,0.724381327629
1.2362961197831666,0.8653740286830001
1.3759988699964045,0.740046977997
1.2795347690730454,0.807075977325
1.3141965673693914,0.8204330205920001
1.3903290681455682,1.11441195011
1.529267529826497,1.1086050272
1.5834563917274227,0.475149989128
1.1742377127117072,1.0392680168200001
1.610017430625681,0.9457899928090001
1.371611625042786,0.787750005722
1.3556818862319078,0.350454986095
1.0692533198408594,0.9367713332179999
1.406071441876949,0.986805975437
1.510208825962753,0.647023975849
1.2825790014726615,1.02977705002
1.5343543487485054,1.1874469518700002
1.5469070676641308,0.9328820109370001
1.5078329223656413,0.7528370022769999
1.2743057052093947,0.642004013062
1.261969795970271,0.23073400556999996
1.1312554856137245,0.47149971127499996
1.1379188614652536,0.8772729635240001
1.1485256949990075,0.787630975246
1.4528950238099914,0.27422198653200003
0.982514303278378,0.39922699332199996
1.091398410599211,0.992351233959
1.3770546388558915,0.7627239823340001
1.2735494662791442,0.7200859785079999
1.2357087106645155,0.626478016376
1.3338366431502424,0.726989030838
1.287431852355885,0.9301019906999998
1.4064770994543803,0.687269985676
1.2061042866931737,0.866255283356
1.3383657093822368,0.835203826427
1.3314542786883201,0.940249979496
1.4187650288286016,1.0233579873999998
1.4276966978076158,0.732262969017
1.1765214695484105,0.930074989796
1.2900418299075982,0.8702930212019999
1.342548536809891,0.510402023792
1.261784443291288,1.0258179903
1.3627617230741575,0.455123990774
1.0918144479266652,0.734534978867
0.8480057706251419,0.7012919783589999
1.3974057275133211,1.01438605785
1.4455027353088845,1.1237702369700002
1.1416783433741107,0.48253700137100003
1.1995026597627,0.46893200278299996
1.0789490655205496,0.875519692898
1.3143185823900705,1.1454249620399999
1.5409142448472537,1.9437874555599997
1.7918541281620592,1.5570390224500001
1.9035936199815786,2.10477590561
2.021386412549232,1.06224000454
1.214170623450879,0.786782979965
1.3885014907307962,2.24797105789
2.0896311506344265,0.5664669871329999
1.3510185187445132,0.8389729857439999
1.267842510251167,0.31881898641600004
1.2649334264334837,0.638668000698
1.1452165671421706,0.754026651382
1.2769259565953144,1.08582603931
1.4624019215887523,0.601429998875
1.3316200369412392,0.6923220157619999
1.1863947301366582,0.878243982792
0.7935797632109346,1.27922403812
1.5362302237756296,0.725166976452
1.3787812784974802,0.428310990334
1.104458889939433,0.701224982738
1.1831543416447698,0.8846225738529999
0.9508323405651785,0.7809653878210001
1.335686568802309,0.92597001791
1.3822565882705025,0.917864024639
1.4808122088235054,0.90730202198
1.3949507048012377,0.409945011139
1.094610837315527,0.87414598465
1.3468755156638859,1.2313439845999998
1.5716171217521568,0.7683960199359999
1.4445480101383976,0.9357339143749999
1.5322584865703828,0.752327024937
1.118120865201909,0.624783992767
1.1946883622367048,1.9779472351099998
0.8207398619676657,2.47647929192
2.525557138291072,0.682259976864
1.5391976672082384,1.29407799244
1.6588637928234184,2.1165060997
2.1001553698312625,2.03023004532
2.2870529369145913,1.72759306431
2.012487577473352,1.32161903381
1.7812343728986846,1.11427497864
1.6330737151539128,1.6184829473500002
1.8959888643524492,1.10235404968
1.638584938752884,0.850126981735
1.4271228459134846,0.653181314468
1.2071363304097509,0.616827607155
1.1938445309261578,1.02320480347
1.2446563729318305,1.17678105831
1.5970666800714166,1.10875403881
1.5814045905289897,0.983811020851
1.46689391728495,1.82992756367
1.822532644429153,1.34213101864
1.8423901653814052,1.26566958427
1.653158319616873,0.793037712574
1.387323071355731,1.0306893587100001
1.3567777971858717,0.821023225784
1.3490700913830442,1.0991692543
1.4446322132125642,0.525535523891
1.2656608562616294,0.775839388371
1.1346976437361629,0.720975995064
1.2143326746502183,0.8666771054269999
1.4190584156404775,0.846204102039
1.4923256817470274,0.7614132165909999
1.3287430456159741,0.658724606037
1.280174712436711,1.07865929604
1.4834536433727374,1.2819403409999999
1.6323048722414915,0.660000503063
0.9594064377474806,1.1125005483600001
1.4771157468255023,0.628070473671
1.3060292928385027,0.686457574368
1.1022199354931355,0.900040984154
1.4441773047804316,0.734256923199
1.3404163455066878,1.0111212730399999
1.4932002286443773,0.882759988308
1.4670893319665064,0.7521411776540001
1.3310800781084078,0.9489411115649998
1.4209312191089212,0.6799052953720001
1.2486312876115744,0.721156597137
1.3012027090777865,0.6504104733470001
1.0788478099999166,0.716710627079
1.3655289856134647,0.9056316018100002
1.426517219274385,0.6526464819910001
0.9303978961601149,0.7056654095649999
1.3064070945561783,0.658105790615
0.9246101263641012,0.659279406071
1.2104668532615332,0.663406431675
1.366410205207258,0.7808002829549999
1.314704327793988,0.756590723991
1.2904120056864814,0.9280405640600001
1.456496161573089,0.707382977009
1.3112699015261586,0.38883998990099994
1.1324346463995056,0.342241793871
1.0297220418780895,0.23373000323799997
1.0787202873567763,0.145912706852
0.9177118292314382,0.394953489304
0.9447469473246266,0.967840969563
1.2316316931376063,0.783922016621
1.3309926975597444,0.8333759903910001
1.2716712611040557,0.9723259806630001
1.4553594730297488,0.6905210018160001
1.333099469066973,1.3453240394600001
1.527915090764821,0.7227010130879999
1.503759294144862,0.6804850101469999
1.3292661638339722,0.7610610127449999
1.3276059334093677,0.8075709939
1.1833359872701732,0.588663995266
1.2962087783269027,0.9960750937459999
1.4028257575942327,1.0454139709499999
1.5547964190923615,0.47130599618
1.2043924752659037,1.04714095592
1.3727147382722762,1.12621426582
1.5394933841680787,2.5604617595700003
2.3878930557150135,0.7747610211370001
1.4286673103505871,0.717206001282
1.3450197646419086,0.800508022308
1.3502996680975088,0.568039000034
1.1664931482047163,1.19578003883
1.48400588844029,0.797044992447
1.4099847135514538,0.48993599414800004
1.1634838680245656,0.9918130040169999
1.2711272774701947,0.744569003582
1.3644676032157002,0.6096370220180001
1.1739414661727843,0.856591999531
1.407738344997997,0.814429998398
1.393284754922539,0.760592997074
1.397429664487864,0.915751993656
1.459523447442055,0.742163479328
1.3457689072124495,0.732936024666
1.3414369503150763,0.8745691180230001
1.3894124726690433,0.9644910097120002
1.2103664450674327,1.4776719808599998
1.712529536506346,0.6752679944040001
1.392420587775212,0.5030400156970001
1.1252153184268443,0.706665992737
1.2119292329408005,2.9681959152200004
2.501576314600073,1.2553009986900001
1.8963991822258093,4.08481502533
3.2243710547813977,1.6923229694400002
1.6309139857384034,0.412105202675
1.2816362447894458,1.03575098515
0.8580660255875293,0.640892028809
1.3543285998436991,0.706547021866
1.217382626503929,1.06083035469
1.4782180127284599,1.88095402718
1.871366826307986,1.88637399673
2.252474388450063,1.32877397537
1.3762004277953215,0.39318400621399996
1.2258280359691085,0.6382430195809999
1.1622206100804342,1.04553198814
1.3956580106242367,0.658802986145
0.9406227972593474,0.80467402935
1.3799141540714241,0.8740410208700001
1.3945624174177225,0.853255033493
1.3687207587455514,0.8952109813689999
1.4506311791468016,0.730158984661
1.2953101885391933,0.414941012859
1.203623738269299,0.270094007254
0.963880427754863,0.49113199114799994
1.0413486328936994,0.507916986942
1.1687172744366954,1.22402000427
1.5812120355744805,1.2676579952200002
1.6306172096203975,2.6334879398299997
2.504336268948038,3.99961543083
2.7575004903264553,6.65141820908
4.984727937414341,2.10267806053
3.2183313112577836,1.28368997574
1.5721261531665525,1.29134750366
1.708323407599048,1.3537540435799997
1.6862995904506597,2.39019107819
2.4035493198875297,1.46144104004
1.5745738676872931,1.599208951
1.8368228063996566,1.4711509943
1.8764757816356556,1.29820501804
1.7193423595750437,1.57962203026
1.824736752571802,1.3603550195700003
1.8405239286935882,0.803641021252
1.2630708967992463,0.427668988705
1.1448148284499522,0.269407004118
0.9320318594622121,0.389717012644
0.9778877944951467,0.417917013168
0.9915023194718031,1.54603600502
1.7862520287924781,1.01761102676
1.0356654020086322,0.865315020084
1.4048887858692212,0.619410991669
1.1346845101749092,0.845414996147
1.4171180378810673,0.804859638214
1.3304272130151216,1.4358890056600002
1.7259467403167479,2.56575202942
2.47282398337297,6.206179142000001
4.277115805873869,0.9309499859810002
1.3416223029940593,0.907775998116
1.0237383278214367,0.460979789495
1.1877710002570607,0.5264570117
1.18739182163377,0.794224977493
1.2238172241916847,0.9704009890559998
1.3980833769076828,0.669588983059
1.3146907705694681,0.6997730135920001
1.2773444299865495,0.6903669834139999
1.232577097716236,0.63616001606
0.8584391670092762,0.9726700186730001
1.4639402429084942,0.639338970184
1.2962157687707958,0.512377977371
1.1558747698469571,0.569913029671
1.2376928316561657,0.83180898428
1.2730716800306343,0.46941101551100006
1.175037377126748,0.9054309725759999
1.3467341180487762,0.848275005817
1.2078899214445873,0.656663000584
1.2560405226433309,0.63240557909
1.155530437527315,0.326855003834
1.0435595196486083,0.304740995169
1.1270942650126488,0.21594800055
1.084490686958874,0.214847996831
0.9457513470130811,0.151231005788
0.8854083525066548,0.415333837271
0.7562306158588771,0.734420001507
1.3158128427301228,0.9913370013239999
1.3439639957824216,0.791000008583
1.4197591546828496,0.742917001247
1.2856360496860815,0.74265486002
0.8924954975402474,0.8799139857289999
1.4199805187394634,0.73768299818
1.3474092254635404,1.24034297466
1.58391331256007,0.8343409895899999
1.4547196355818997,0.305472999811
1.1013988760831492,0.892946004868
1.3159781773197756,1.28586602211
1.5964870028073745,0.41464000940300005
1.1226169916149529,1.09013700485
1.4290591988718655,0.592383027077
1.031752024418311,0.377326011658
1.059996383389184,2.6935973167400005
1.8196129690298135,2.2886660099
2.475024278546223,0.895527005196
1.280067207882901,0.8070570230480001
1.3553678458358023,1.19486296177
1.631313500198474,0.8929409980769998
0.9991110999019619,0.977608025074
1.4307548051792016,1.8325070142700004
1.6518810807849558,1.4037929773299997
1.664204068294459,0.7223749756810001
1.2974283989546105,0.6599410176280001
1.2369034410753315,0.740734994411
1.234170283428957,0.555365979671
1.223269109840978,1.2367689609499999
1.439315027389534,0.6214020252229999
1.3245100140912696,0.710873007774
1.170219902126256,0.30647799372699996
1.1282940793826595,0.6473349928859999
1.117240810682098,0.545826971531
1.1160387720799394,1.02424776554
1.3880120537424647,0.8176820278170001
1.2540924130293116,0.7440620064740001
1.4468410875669582,0.736715018749
1.4023391803329481,0.576856017113
1.2276292403455564,0.9152600169179999
1.391835826551975,1.13702905178
1.5318649033960394,0.49600800871799994
1.204147597898013,0.49413600564
1.0578686405502762,0.8834533095360001
1.3923834113235989,1.27152490616
1.6781070020396127,0.886436998844
1.4646404523717835,0.898828029633
1.491185709813374,0.9049779772759999
1.652923504251556,0.829931974411
1.4519086298103523,0.8756300210950001
1.3325850359459328,0.550292015076
1.278304874611131,1.07391941547
1.393035323174536,0.849192023277
1.3506667723177117,0.6393229961399999
1.3002934217926043,0.7995309829709999
1.2552554746109756,0.9646000266079999
1.3765126676225454,0.841355979443
1.3371792404051128,0.701144993305
1.2891258699259727,0.72400701046
1.343009906106834,1.01030802727
1.4156552345385338,0.65380603075
1.3402564126236796,0.793285012245
1.3184748249477678,0.6538396477699999
0.9322001596947286,1.1607899665799999
1.5262743488504638,0.808578968048
1.387987587188839,0.374377012253
1.0656649978915658,0.25569999218
0.8721873577464334,0.489315003157
1.0981477900937882,1.1518440246600001
1.4582199414876305,0.737277984619
1.4488762599821912,1.08875095844
0.907195659636661,1.9758529663099995
1.9895620989785736,0.8547700047490001
1.5649499329312315,0.7977370023729999
1.1971800318213186,1.0524289608
1.361102234060269,3.17945098877
2.7099673783382663,1.79706799984
2.3962561685907247,1.05670201778
1.5903926067224148,0.875126004219
1.5059925291370653,0.664539992809
1.2573069580619591,0.757168412209
1.2467239555869314,1.36848402023
1.6569912011866077,0.9052469730380001
1.6006333951941316,1.0320609808
1.4732326611587176,0.614133000374
1.2676143675822933,0.9733130335810001
1.4326227365200837,0.645228981972
1.2618408964215153,0.48943901062000006
1.0662300587729223,0.8408679962160001
1.3057022247969603,0.7771940231319999
1.3161028402358688,0.675535023212
1.1531726455348352,0.659205973148
1.2607778193706858,1.08415305614
1.41348300705667,0.9314100146289999
1.270184520786979,1.3594796657600001
1.7298107611365514,0.763398826122
1.3829054285627593,0.535733997822
1.1466234469335597,0.6781889796259999
1.2492633932048145,0.7839810252189999
1.4395288714231722,1.16936767101
0.8326714905349734,1.01528799534
1.605527129582548,0.925943017006
1.406038607973815,1.31924402714
1.6740912038546762,0.9717460274700002
1.4693460802699863,1.1762996912
1.5194952070114327,1.71460902691
1.9382848628749287,1.30733704567
1.8195286600398304,0.6186890006069999
1.3219183599758215,2.2984359264400003
2.2075266815441448,1.80824100971
2.128036225719696,0.879414975643
1.603154403459933,1.57094502449
1.8234714822271558,1.5785160064700001
1.805559634825142,0.620030999184
1.2525226347120508,0.9928810000419999
1.4505304532052516,0.455186992884
1.2913514789793836,1.0173989534399999
1.3388445547889123,0.8378469944
1.4730649964211004,0.488476991653
1.1006529109871053,1.2463409900700002
1.5461808029099673,1.20963096619
1.5558188244696316,1.2524510622
1.6342431316845705,1.51972699165
1.8816495574430612,1.06379795074
1.5524778159520096,1.57149505615
1.8061527633978876,1.27810502052
1.7313092581092664,1.19207799435
1.640317297848567,0.830443918705
1.396305791758328,1.40201568604
1.6022097402920192,1.156504035
1.6423268386361918,1.1625548601200002
1.2920307171109937,0.60075199604
1.2265662692105435,1.25383579731
1.553855568893844,1.79184401035
1.9648025822042132,1.73406255245
1.9587819035275804,4.93997097015
3.43841632847092,2.39435100555
2.409766578319701,2.2125759124799997
2.2975383909225657,1.88652706146
2.167077219367602,0.9343829751010001
1.515899682786613,0.909982979298
1.0453767173133572,0.8112999796870001
1.3677277979652855,1.04970896244
1.5020011975057546,1.35178804398
1.00905119337046,1.27730596066
1.757892115665736,0.7854449748989999
1.4410463273270515,0.48462298512500007
1.119206608237483,0.6676359772680001
1.2167824015714737,0.832251012325
1.2207184451465394,0.5959370136259999
1.3136988689473679,0.341089010239
1.0005798345302228,0.686011016369
1.180243880921471,0.8153510093690001
1.302604610825797,0.39854300022100003
1.1374925503035926,0.699815988541
1.1259271786299554,0.42636901140199995
1.1413110273222749,0.686613976955
1.1673111360560222,0.182677000761
0.9850456912942024,0.701882481575
1.1548539532069355,1.7966820001599997
1.8323124872671934,0.720426976681
1.4350329568417615,0.46806401014300003
1.2713136893073433,0.6408870220180001
1.2391917522921467,0.7520520091060001
1.3452437765939365,1.00181758404
1.4497016619406564,1.6608040332799998
1.8906589686314317,1.45059502125
1.8567301077856926,1.0850100517299999
1.6086317339976044,1.09955501556
1.5380082325882507,0.769418001175
1.3269671551196842,1.25443041325
1.5485426197034764,1.49632096291
1.8147882917537954,0.718636989594
1.076593180012768,0.890201985836
1.3777976383090718,0.989175975323
1.462464094173074,2.84901452065
2.570708203564789,4.28107500076
3.787999106971575,1.24873900414
2.203070167646495,0.70965898037
1.15946372729115,0.7497439980509999
1.3354682763043753,0.8907449841499999
1.3345256255369762,1.46952795982
1.725290168169882,1.60888803005
1.8155555459289683,1.04346096516
1.5986285147024355,1.18475103378
1.5439272320809843,0.506372511387
1.1964264407864822,0.694615602493
1.121181090889826,0.929911017418
1.4199865559410074,0.775462985039
1.3079822745800838,0.856469631195
1.352476873622751,0.926900982857
1.3911469500810576,0.7506660223010001
1.4180690559979747,0.9248849749570002
1.2179965145767204,1.07016265392
1.4448261450726885,0.8752880096439999
1.2526565123041848,0.7511039972310001
1.4643908087921476,0.8627579808239999
1.2934800691448238,0.509657025337
1.306145694320904,0.8495249748229999
1.3039356548925278,0.671136975288
1.2622084243049845,0.613218009472
1.2104514954681318,0.381054997444
1.0903010168238152,0.871042013168
1.2387335604697007,0.654031991959
1.414618742357661,0.9089673757549999
1.187838362716394,0.9709029793739999
1.269136801529551,0.9856920242310001
1.498200514344255,1.35625624657
1.621080973160449,1.30987298489
1.7524124549801006,0.634491980076
1.3289997855553195,0.593350827694
1.1584397331766316,0.879638016224
1.3564220259580408,1.13183641434
1.5083679031550945,1.84127402306
1.9603793258729638,2.26174592972
2.3563197626296066,2.5979759693099997
2.363914350340346,2.3991920948
2.406552880613586,1.98229801655
2.232781884340014,2.2695479393
2.2638800390723253,2.0178899765000002
2.248374599022593,1.45226204395
1.85135170262069,1.34279799461
1.7732634662917013,1.3119150400200001
1.6231519451216798,1.2767620086700002
1.6330942628223257,1.2752670049700001
1.6334758775093976,1.2104460001000001
0.9934091219173632,0.815348029137
1.4198457938207971,0.72711199522
1.2766444323548933,0.604301989079
1.299088947126665,0.9830358624459999
1.4719660139084563,1.10152900219
1.6291993145840862,1.1837249994299999
1.4367854399425912,0.435640007257
1.2285928624446347,0.327004015446
0.9583371116634738,0.803984999657
1.2181705342633313,0.421685993671
1.2370232318638625,0.573455989361
1.2186199350730025,0.39594578743000003
1.053325699346312,0.416375011206
1.185700557874913,0.560397028923
1.2103633735087524,0.774905025959
1.3446683359625569,0.637084007263
1.3088328845028907,0.383926004171
1.0633811351390459,0.564873993397
0.9465018664892373,1.05471503735
1.3534085091452277,0.6537709832190001
1.2711412583579809,0.593102991581
1.2437834147717293,1.02260899544
1.365195244875479,0.8359869718549999
1.3881607595489174,0.637534022331
1.0353748749238034,0.9755985140799999
1.346334921336155,0.48980799317400003
1.243490345707303,1.0986479520799999
1.476299771374711,1.1511659622200001
1.4985018448423728,0.8061249852179999
1.385784750035989,0.47447699308399993
1.122410349856841,0.789602994919
1.3519489891930074,0.476253002882
1.1589320298920103,0.545522987843
1.211332715061925,0.6212809681889999
1.2843828537445237,0.7707700133319999
1.278540960966247,0.933706998825
1.42457821842059,0.8110550045970001
0.9640221431174225,0.600552976131
1.1729621685328548,1.00252103806
1.200373075943204,0.8921650052069998
1.2954136682919741,0.9160850048070001
1.3591449097702089,0.741342008114
1.3663190116891986,0.9283249974250001
1.4063498945586896,0.642940998077
1.4372416193645223,0.9950090050700001
1.3563019174220599,0.627136588097
1.3057546531261583,1.0386890173
1.4665306260341435,0.6888009905820001
1.3596077618885833,0.5214130282399999
1.2331122903373222,0.651027023792
1.242848072195673,1.1597019434
1.5576874972212296,0.645640015602
1.3318965831382819,1.19586265087
1.5827972776009593,1.30470395088
1.0392776609324688,0.8844429850579999
1.5101283299421664,0.7697709798810001
1.3626157710789355,0.770210027695
1.2923287642187982,0.641828000546
1.2887917055247207,0.893715977669
1.375505090459594,0.5247250199319999
1.1526385120719147,0.514221012592
1.05243981945659,0.717274844646
1.413011575757154,0.641076982021
1.407247742935683,0.4689820110800001
1.0519056859936695,1.2037500143100002
1.5034336030089348,0.7911959886550001
1.2632518010139338,1.13630115986
1.5444001462019321,0.8642929792399999
0.8470576651931899,0.8814030289650001
1.4806808732109689,0.58174097538
1.266517609301797,0.865119993687
1.3239491898425753,0.907812476158
1.3731448624033333,0.7377740144730001
1.2871540351690438,1.1203750371899999
1.596346028855531,0.9422479867940001
1.0340668145892666,1.06006002426
1.5124471449141514,0.715842008591
1.3493703627229965,0.404020994902
1.1823649510639356,0.29207798838599996
0.9381358938864789,0.631792426109
1.1667737192027883,1.12466526031
1.4956751635299745,1.11569094658
1.6521273350584618,1.24741899967
1.6067302273428723,0.697616994381
1.3652112381637798,3.69397497177
2.9437439213266994,0.820483982563
1.596615690524497,0.85730701685
1.3099684079722487,0.690235972404
1.3637674996682274,0.8385969996449999
1.2461998841265842,1.28772699833
1.486211903067637,0.9632229804989998
1.5907365153787907,1.34329998493
1.6665816665446358,0.7316169738770001
1.3997960356614854,0.6809219717980001
1.2934277467314423,0.701478421688
1.3204946395695991,0.669803023338
0.9420663239232667,1.36564302444
1.6224402967502018,0.9781420230869999
1.535752861190386,0.67867898941
1.3737748496802422,0.597633004189
1.1568946332446297,0.819377481937
1.227090234755074,0.791110992432
1.3672316882805104,1.0441473722499999
1.458001119410614,1.4000159502
1.7116406909737603,0.874862015247
1.455813428219532,0.622817993164
1.1364638958931457,0.7164059877399999
1.2620483855061597,0.6523500084880001
1.3197745179327962,0.9379299879069999
1.3023099530241224,0.593699991703
1.3570165314364016,0.539344012737
1.290621083508374,0.9370089769359999
1.356457507756589,0.808772027493
1.4268961860660425,0.56542801857
1.2937677365026055,0.602082014084
1.1992062013921438,1.14667999744
1.2068155114013854,0.9824249744419999
1.5049515884918971,0.567151010036
0.8755117904387635,0.786639988422
1.2950227330130448,0.7388439774510001
1.304879258902276,0.681029975414
1.314379378068777,0.708697974682
1.0532686107211853,0.6642330288889999
1.2794666652029962,0.512479007244
1.0994244993466227,0.604038000107
1.2042045806073232,0.672879993916
1.2478507939593313,0.8265414834020001
1.3109155072039433,0.454686015844
1.2531346163001444,0.559450984001
1.2707710825790979,0.133221805096
0.9097715322954414,0.163306996226
1.1085379198668568,0.17978604137899998
1.1382622405425467,0.57479184866
1.1406144189967486,0.8508148789409999
1.224514997591193,0.852764010429
1.2747470564170071,1.6876280307799998
1.8480403505317051,2.1495220661200003
1.0172789458326055,0.812285006046
1.587053716521124,1.2396399974799999
1.6353027135134535,2.12843728065
2.048109396731013,2.1392390728
2.294455181502455,0.9779880046840002
1.1097943991987282,0.6937779784199999
1.3811643843701182,0.721879005432
1.294445174065334,0.7631160020829999
1.2507168759554905,0.856532990932
1.4869754501892303,1.1093380451200001
1.5133942441458461,0.647634029388
1.2876123329073061,0.9241870045659999
0.9456212823903434,0.7877320051189999
1.2531853499762773,1.3055670261399999
1.5974144016971887,0.910771012306
1.46873695840894,0.869964003563
1.3039652054053485,0.574302017689
1.1976339870111021,0.859953224659
1.2610588140320238,0.47758498787899994
1.231200403932567,1.1080174446100002
1.508889008972578,1.29072499275
1.3379485069808004,0.859157979488
1.4598113266314698,0.305898010731
1.0372116670146163,0.903901994228
1.3963992095085354,0.635275006294
1.2635193443665684,1.0234229564700001
1.5971216503802121,0.673066973686
1.4072727390683917,0.850479006767
1.0681893954634971,0.51419699192
1.225505310476045,1.52795660496
1.6984771555440235,4.09438562393
3.184442910253971,0.9952359795569999
1.900860991914287,0.8670449852940001
1.3470255983759538,1.14105606079
1.5570055052783887,1.6222579479199999
1.8958263894898435,1.9802049398400003
2.1551718579228014,1.3755470514300001
1.7323008419839168,1.8518650531799998
2.0541554952036205,1.42092394829
1.9141078830916578,1.5891779661200003
1.079201992490499,1.67319941521
1.9571893533097589,2.12393403053
2.2759050853898404,1.64840197563
2.018064892541857,1.2047419548
1.6898958560861952,0.792083978653
1.437436504466996,1.22702741623
1.533908125413331,1.2269510030700002
1.5932903575477262,1.13134396076
1.5901983571148406,1.25246500969
1.641215993552093,1.1168919801700001
1.6199169583364361,1.1223870515799999
1.5666605792845194,1.0401530265799999
1.4513774619902955,0.809131026268
1.3668124734785594,0.7681059837340001
1.2710084399240127,0.7982919812199999
1.2757105726002689,0.766672253609
1.3458312916284043,1.05736005306
1.5981019012624906,0.8607699871060001
1.3072851366754747,1.0707770586
1.6150010875423582,0.53015100956
0.9509726790221228,0.660418987274
1.2230597142716355,0.990917980671
0.9137554498195929,0.356153011322
1.2064386629260588,0.961823999882
1.3982452162753891,1.24482905865
1.5840565107440614,0.8381230235100001
1.4528629313175732,0.9245989918709999
1.4290988113872596,0.8131660223010001
1.3988689545191209,1.00306105614
1.506023774302951,0.875234007835
1.3444165740665897,0.7991399765009999
1.3250324968143683,0.881296157837
1.3707055152321008,1.06308019161
1.6115283197489334,0.9057049751280001
1.3769574081362879,0.690955996513
1.3411456818195315,1.3559700250600002
1.615787936143595,0.757239997387
1.3793173184450989,2.04375457764
1.890041479420877,0.8576130270960001
1.5444546928474614,2.36495709419
2.0106687910713545,4.17923116684
3.6067127480180514,2.23356199265
1.895172888901658,0.8013390302660001
1.6204516213784395,0.83728402853
1.3712251382281526,0.8851529955859999
1.3667532665371014,0.9040349721909999
1.4127538825754593,1.30293953419
1.781645114435311,0.722869992256
1.4291583360761673,0.800912022591
1.2495898257514577,1.03291928768
1.471913161915992,1.3216282129299999
1.8550530367462548,0.93677598238
1.5382169926626938,0.700770020485
1.3695668142882462,0.762431979179
1.3660391821018425,1.14493894577
1.501039587807191,0.772161006927
1.4468647067940514,0.8772150278090001
1.3323396289989593,1.2435050010700002
1.5638445954695936,0.638184010983
1.3901116229741672,0.746819972992
1.3235057203186316,0.683992981911
1.3227090215464545,1.4195051193200001
1.440578814912748,0.614147007465
1.4011682809808588,0.7347676754000001
1.342562305866044,0.6770560145379999
1.28579566482164,1.07402694225
1.4885686359019512,0.615638971329
1.3125719246591516,0.9692379832269999
1.3140589827236777,0.9916120171549999
1.4171772448225253,0.808956027031
1.3189852332677785,2.4351439476
2.2763552276102277,0.822347998619
1.5858969039726374,0.593822002411
1.0181363343676724,0.576224982738
0.9681977682695507,0.42242398858099994
1.1616702714975797,0.676587998867
1.2655449843583109,0.552034974098
1.1731504868547016,0.9015229940410001
1.4491665752353866,0.748996019363
1.2914457440561236,0.8627583980560001
1.3440776434535924,0.9480749964709999
1.4520721638311236,1.05561387539
1.543787635034756,1.9700200557700003
1.958757331058138,0.9391199946400001
1.6354616931541126,1.00904297829
1.4529335771672198,0.7824029922490001
1.4117147424991725,1.01626503468
1.4500290477296485,0.878274977207
1.3809672750354969,0.735361993313
1.1853297466011303,1.1099909544
1.6038107637751657,0.772719979286
1.3349156075735562,1.16498196125
1.5082477946191135,0.715721011162
1.4549640892865239,1.47547900677
1.6045513271645653,0.835452020168
1.4431565940562265,0.734466016293
1.3590557286526639,0.786192774773
1.3363647477757534,1.14346504211
1.53231832900674,0.924699008465
1.496894360494416,2.95876455307
2.5037694074977996,2.13832402229
1.2840262351901603,2.03871202469
2.164840700985085,1.4802099466299998
1.9220687276960677,0.9367650747299999
1.5638767938778284,1.71593976021
1.82350431613029,1.00140202045
1.0104001372101898,0.889622986317
0.9584509711662776,0.749293982983
1.268401957594246,1.1151839494700002
1.4825055908986937,0.9457820057870001
0.9440391119225447,0.645218014717
1.40701557546578,1.16484200954
1.5929869087332769,1.2443510294
1.668424178089543,0.9045109748839999
1.54919495521768,0.5575259923929999
0.9306518822882298,0.577834367752
1.2109389200559486,0.719983577728
1.1944130870294611,0.76077902317
1.2945670831701965,0.540440022945
1.183743445416486,0.8009672760959999
0.810916593644835,0.771014988422
1.2291560168412934,0.670971989632
1.2424077801462259,2.7689704895
2.4894472589506944,3.08613300323
3.07910835969357,1.11635804176
1.9850399172746558,1.01826095581
1.0500762020941994,0.744261026382
1.3950632933142428,1.1143867969499999
1.4395350145405326,1.3805164098700002
1.6630758530164438,1.22909843922
1.632003859490823,1.57323896885
1.8071102423796053,1.24559795856
1.0979053487896784,0.829861998558
1.2947688528007466,0.537698030472
1.1562956793019732,0.8593800067899999
1.2620576001822006,0.794964790344
1.3631338053377386,0.812288999557
1.2546463527499294,1.20946097374
1.5588973735938136,1.04361104965
1.2804531651184516,0.9914460182189999
1.455324838557733,1.37764596939
1.661758789837499,0.7495359778399999
1.4113405419192602,0.754966974258
1.285534688249632,0.852221012115
1.302384517758982,1.31262803078
1.7375625279190685,0.949999988079
1.5161182930319963,0.8433979749680001
1.4500959865257155,0.632993996143
1.3065350408625849,0.6848490238189999
1.2160547599116949,0.829603970051
1.3427528484200386,1.11777603626
1.621618919592766,1.0605150461200001
1.4693815620685344,0.9966710209849998
1.4783929856574198,0.6726049780850001
1.287006070773307,0.84998100996
1.4050066701730544,0.792970001698
1.2458729220008582,0.7509549856190001
1.3765822543140263,0.9556260704989998
1.3566251724942062,0.6085839867589999
1.337056166226268,0.778249979019
1.3214484114977372,0.509814023972
1.2166145250022233,0.636431992054
1.227870304744051,0.6015599966049999
1.0471304714039857,0.65563338995
1.1732431631941929,0.638554990292
1.2895678566284847,0.8762890100480001
1.3154581306604576,0.7967479825020001
1.3089650674419597,0.682483017445
1.3223801529360304,0.802550017834
1.2829444110397992,0.795031189919
1.3034775689858984,1.58489704132
1.7941224212895444,1.0174859762200001
1.0243361166901108,0.917778015137
1.234695837710736,1.2302210331
1.6109039460103023,1.0278990268700001
1.5342981074499111,0.9125559926029998
1.440462837093613,0.793597996235
1.2521833863516039,1.0304379463200002
1.4861815052282839,0.532537996769
1.2258481599742552,0.612778007984
1.2143736640712277,0.874128997326
1.300741551612477,0.366723001003
0.9597484399191584,0.7391750216480001
1.2509806063387292,0.560423016548
1.1940092300209113,0.775817811489
1.3952168712482573,0.8102909922600001
1.3893193726662858,0.6437510252
1.1760849904683597,0.723645746708
1.325604548139618,0.9113870263100001
1.482665523781702,0.662783026695
1.2241236386489978,1.0020359754600001
1.4554460062518797,0.8224419951440001
1.441955508696417,1.0305769443500001
1.529316357017932,0.678113996983
1.2968345289711491,0.533345997334
1.2633791118254407,0.320995986462
0.9957928632849007,0.7608630061149999
1.1476931966808326,0.7439860105509999
1.2919592239348145,0.546840012074
1.0942769906617245,0.7004669904709999
1.2870946163959527,0.8356525897980001
1.224498580639626,1.27425897121
1.5036470233793067,0.893445014954
1.4429699703874448,0.621165990829
1.284354256474052,0.790015995502
1.3411079757888356,1.06749498844
1.373711829769388,0.66980099678
1.3718280110560217,1.26569497585
1.6096132558696816,0.638062000275
1.378254559141719,0.9348030090330001
1.3597225746337362,0.8006410002709999
1.3521164420989915,1.08570897579
1.4973809377557006,0.352703988552
1.2308927184854555,0.588370978832
1.2200313692445035,0.48754200339299997
1.2781210047535798,0.46368801593799996
0.8624840390858589,0.363703995943
1.1597766026132732,0.875024318695
1.3230627803737705,0.6435279846190001
1.3169164855386957,0.4834130108359999
1.102423505692567,0.212089002132
1.0454137878491538,0.45604699850100006
1.0665425104317794,0.43679100275
1.1188422578285107,0.723880410194
1.25004812348972,0.556069016457
1.104245999148144,0.474842995405
1.1094974112490892,0.267464011908
1.05334455236166,0.958843708038
1.1130370119227644,0.78689801693
1.3357492709657133,1.7943609952900001
1.8874518377059437,1.33767795563
1.4527342436004507,1.2104539871200002
1.672522272863948,0.56547999382
1.3269530683160815,0.40084299445200006
1.0430481580862483,0.272765487432
1.1308867926562731,0.583644986153
1.0288222870163979,0.853380262852
1.3352270000742477,0.866061031818
1.4068197371209574,1.15834999084
1.4021239593936947,0.7764859795569999
1.519897687114367,1.06880700588
1.4342279966358926,0.5888479948040001
1.2257773022929754,1.5888684988
1.7621122254608201,0.432785987854
1.2945518312926116,0.399603009224
1.048281564498378,0.554534971714
1.1550845319395904,0.6221979856490001
1.1423838486282283,1.14955198765
1.531148276981183,1.12126004696
1.4041344534236688,0.9776459932329999
1.4642427384805943,1.73274195194
1.798408622554163,2.30270791054
2.375041018701785,1.05347704887
1.7595782954653982,0.796280026436
1.3405971438055586,0.520332992077
1.2198767321523236,0.610480010509
1.229376215823925,0.445305794477
1.0877457977492644,0.652213871479
1.262415171978913,1.17554116249
1.5782856874786975,1.0322021246
1.5039164732166397,0.7193930149079999
1.3375073676048208,0.820013999939
1.3870551043398298,0.9497330188750001
1.5004784458110472,1.0391149520899998
1.3558977426660606,0.58838301897
1.2683041972955595,0.950855970383
1.3236748678776806,0.527760028839
1.2205543815466853,0.773606300354
1.2069257697664262,0.970355987549
1.422419865910696,1.38388991356
1.687197650659286,0.779523015022
1.4621685890448668,0.606999993324
1.313035306356609,0.466057002544
1.1588015416060062,0.945527017117
1.5041898419391855,0.623872995377
1.2744833260337685,0.39232400059699996
1.049695964312743,0.5156549811360001
1.0977876763174783,0.967938542366
1.553493866380286,1.3565659523
1.588877692798133,0.9072690010069999
1.1917855274521987,0.816276013851
1.364774759083729,2.47986698151
2.1945365303061197,1.1330800056499999
1.7666875769046522,1.04558396339
1.5346704015451256,0.847437024117
0.9619680117710251,1.5365229845
1.7351992283041275,0.900898993015
1.4260983222198833,0.48120099306100006
1.1967124134911988,0.85725402832
1.2841640316675071,0.861747980118
1.4409298199288336,1.0086940527
1.5284990046615254,1.12772703171
1.5271984643499643,0.77955698967
1.318577457374016,0.989550292492
1.4075819073369353,0.8363329768179999
1.3265097047079542,0.9099559783939998
1.3632544434528024,0.551105976105
1.1837663232328632,1.23976433277
1.3679358166290128,1.21183896065
1.5993696076709176,1.37998199463
1.747725574181429,1.14846098423
1.5878790125637727,0.766390025616
1.4166029692651276,0.9660840034479998
1.3430595806248014,0.815675020218
1.4780022622101237,1.1422729492200001
1.6114629696901148,1.2994799614
1.7170164482433488,0.858331024647
1.4752097917064748,0.714946985245
1.1616775796889225,0.8764400482179999
1.4733701398886148,0.830546021461
1.4941938249195426,0.853524029255
1.415952857983072,0.909241020679
1.3437515286543988,0.520272016525
1.2366379101232112,0.741104006767
1.1834886119618384,0.585331976414
1.1870236582554015,0.504777014256
1.2642967664601312,0.5519493222240001
1.1253883848711062,0.969752013683
1.3684202755739658,1.11651599407
1.5567916612447508,1.0498449802399998
1.5208788912389946,0.634262979031
1.0208894041875602,0.5644329786300001
1.2048994942797844,0.9184709787369999
1.4002816596804208,0.9593539834020001
0.921321863923127,0.598415970802
1.2493471726157148,0.9383450150489999
1.284253954195768,0.45422500371900004
1.2494207841082252,0.7079470157619999
1.1870105246941478,0.38765001296999996
1.0496238356416645,0.448433995247
1.085394678453228,0.840570986271
1.4529143004886056,0.533711016178
1.1879945885458225,0.721135020256
1.254127365248777,0.521538615227
1.19900146611873,0.705075979233
1.194554696476204,0.640564978123
1.291807340653865,0.516858994961
1.2467252265767301,1.66040945053
1.6752126405204315,2.46530795097
2.21331625190904,1.62215602398
2.1000750856423087,1.8662700653100002
2.062100876098812,3.62353610992
3.232152689824185,0.794870972633
1.7640738922993593,0.906598985195
1.351221771196495,0.8571879863740001
1.4506353098636475,0.775637984276
1.3633896979505518,0.700670003891
1.3121608653750756,0.6443409919740001
1.2520068246853955,0.7579550147059999
0.9222321044506582,0.549960017204
1.1897820238661176,0.49646699428599994
1.1294941055843035,1.36767756939
1.7696222923499436,1.3978940248500002
1.6862180352719072,0.814813017845
1.4526787437125723,1.27889895439
1.5988587756876405,0.862398028374
1.4564966911521717,1.09386599064
1.3890627386427568,0.813471019268
1.3761303115247576,1.46668708324
1.6085215815483802,0.9060310125350001
1.5482621546212212,0.7652140259739999
1.2921515670576906,1.3110339641600002
1.3563235242486384,0.789250016212
1.3935670205736759,1.47490203381
1.6751140328952125,0.9167850017550002
1.5659387629946515,1.18614006042
1.5565737924100833,1.4113919735
1.7609181305449038,2.09247207642
2.0430449260462993,0.718922019005
1.5189726183725172,1.3018610477399999
1.5921229534175831,1.26897478104
1.7406908574770348,1.2219970226299999
1.6840307677440916,0.906111001968
1.4574095795751167,1.0788739919700001
1.5355925046441117,1.0280250310899999
1.4933640804125983,0.7863690257070001
1.3684244062908117,1.27685296535
0.8993122394941578,0.709342002869
1.3893017906407366,0.520192980766
1.1741519209002922,0.564561009407
1.2561509928400048,0.9855200052259999
1.4031667006077446,1.09284198284
1.5912642938927175,0.47868999838799997
1.264298249281563,0.39550599455799995
1.0534077841041474,1.85070300102
1.8344863034863055,1.1957960128799998
1.7830110048056904,1.70251083374
1.9389296783661565,2.9983510971099996
2.703500794073909,2.40708088875
2.582983211209389,2.5859439372999997
2.5586488405227077,2.23383903503
2.505813159094174,1.65577304363
2.0270236759699114,1.4306110143700002
1.8812051346767684,0.8921740055080001
1.4052652106812815,1.23169696331
1.57823972001431,0.895507991314
1.4425539330599906,1.60203301907
1.8517205014939577,1.58539903164
1.8655755612900258,1.2320599556
1.695547312226294,1.21037101746
1.600583508844531,1.24214100838
1.58583706153628,0.9857040047650001
1.517877766576719,0.728968977928
1.3932370928050861,0.6761519908910001
1.2850183486438937,1.07157301903
1.497987835384599,0.9457439780239999
1.4037780467009389,0.43763700127599997
1.159264393724381,0.514182031155
1.0620020052915962,0.338719010353
1.0181668381228421,0.714428007603
1.2544461718566278,0.499619990587
1.1964828939167096,0.79173797369
1.3040506794693139,0.864624321461
1.411220009720013,0.602496027946
1.3716576984229905,1.2600699663200001
1.66472432678541,1.01233994961
1.5541381522924307,1.00452899933
0.9660854891398609,0.631023526192
1.2526067318704008,1.1412210464499999
1.5332423385904241,0.542609989643
1.229186096933197,0.854745984077
1.262575104861921,0.7744219899179999
1.2743390686916116,0.308434009552
1.0753770546070065,0.837620973587
1.223858213612694,0.7293469905850001
1.2617369930054683,0.7503905892370001
1.2534385946936764,1.13482201099
1.4824186340132965,1.61424005032
1.6373607637450638,1.2447930574400001
1.6806911361320849,0.714163005352
1.3464964429564117,0.729304015636
1.3057579365164718,0.648698985577
1.2609965355318855,0.342799007893
1.11737998406506,0.386186003685
1.0865399461777094,0.636629998684
1.2601164810120744,0.39904800057400003
1.0055566069188235,0.417885988951
1.1499215595454741,1.10379052162
1.4230786622897096,0.695618987083
1.2993338244945554,0.8070139884950001
1.2585080434217686,0.594769001007
1.235711252644113,1.1076079607
1.4559994163934145,0.971358001232
1.589296483936818,0.717034995556
1.38164365344006,0.67648100853
1.3017541068188065,1.6877729892700002
1.9419806893780325,0.990756988525
1.4921475313435708,0.808203995228
1.3720595430310256,1.08771896362
1.4424865706006573,1.5648180246399999
1.874948475560836,0.667380988598
1.3899191739354746,1.2564899921400001
1.4664777740416792,1.09188604355
1.588644254338431,0.737550973892
0.6748886986030216,0.6224380135540001
1.1397048139641168,0.8364729881290001
1.263048972225218,0.577426016331
1.1545976369308562,1.0157610178
1.367263674857112,1.10615897179
1.3812683937019818,0.6945540308949999
1.400442757637411,1.13090395927
0.809375995135037,0.951821982861
1.5427195799405478,0.752457022667
1.4506307554835354,0.558522999287
1.1062997068312752,1.4158363342299998
1.6010321682434865,1.8552980423
2.1038329788139176,0.7845479846
1.3493948292766222,0.8210539817810001
0.8532659737388618,0.583589017391
1.2388072778780277,0.835972011089
1.3438712135271136,2.18466305733
2.167532233715551,0.680548012257
1.4958317071068525,1.238904953
1.592513253201613,1.03032803535
1.573546166519195,0.791410982609
1.403520141687611,0.842372000217
1.2046421188455396,0.446471005678
1.1583865634367176,0.558933794498
1.1406693893055442,0.709932982922
1.3057940538099193,0.7334340214730001
1.3379141902562344,0.7833399772640001
1.1862842599399843,0.842680990696
1.3482633306082938,1.09976100922
1.4578151312367316,0.8706315755840001
1.4835742814878012,0.586246013641
1.275236705236972,0.8863990306849999
1.3559804629187953,1.0193990469
1.4389174194141614,0.849361002445
1.4354635046360846,1.0106669664399999
1.3625672616349502,1.33151602745
1.6327151901148516,1.2150089740799999
1.598473983526072,1.64559102058
1.9013522294715002,0.970878005028
1.6423269445520083,1.4112720489500001
1.6832447664693873,0.7953929901119999
1.460188704685879,1.04633104801
1.4250983709957243,0.887933969498
1.5396086205764978,0.8349300026890001
1.438540359107202,0.9847199916839999
1.40891898860521,1.09039402008
1.520215010900786,0.490164995193
1.2089938820006096,0.6141669750209999
1.1580465736655545,0.631474018097
1.1961745729746984,0.825244009495
1.351024344114424,1.05145096779
1.5221857864995492,1.0471149683
1.4729771922091708,0.39214301109300004
1.2346382195065264,0.46951499581300005
1.0516529708553533,0.772090017796
1.2120331363568475,0.7520099878309999
1.3386250972169964,0.687739372253
1.28669022980832,0.6718119978899999
1.2372226713464483,1.18593323231
1.4832422354028802,0.657198011875
1.4174663950017385,0.8213180303569999
1.2803832606795211,0.7795739769939999
1.4457173207532386,1.03012299538
1.4558024129746097,0.621188998222
1.1095826734814214,0.8660820126530001
1.292310440782533,0.9608931541440001
1.3775686483136653,0.6760399937630001
1.2653031785491005,0.740238010883
1.2420065710330903,0.598470985889
1.17887957928834,0.615105986595
1.1300913648738948,0.935873568058
1.4288793538153437,0.58182477951
1.2212766214998194,0.715665996075
1.3224729351913385,0.6529520154
1.1226427291583774,0.9700022935870001
1.2560219873754326,0.7834500074390001
1.3740260819971264,0.744813024998
1.4265108643253912,0.8276180028919999
1.4540331951747631,0.8943400979039999
1.3877333892290908,2.50501704216
2.3423234111342452,1.62071204185
1.8968308950941146,1.41758596897
1.7521254231172183,1.04987204075
1.2285685018068255,1.22650754452
1.147926317393085,1.0431790351899999
1.5494507419146764,0.9694439768790001
1.4855488700559607,0.819225013256
1.383837064085236,0.8129550218580001
1.340117133324901,0.671208024025
1.2536516973165985,0.528989970684
1.281382682324597,0.346193015575
0.9754522602933107,0.478949010372
1.1842001544175,1.15381097794
1.4993906903749585,0.9671270251270002
1.3782020248967044,0.784583985806
1.3868525932985638,0.470185995102
1.2090794619803915,0.563278257847
1.1532628858105458,0.241623997688
0.9885527758121931,0.270985990763
0.9340425653238192,0.199468001723
0.8852486314552799,0.132716998458
0.8969235200832419,0.4732620120049999
0.9731858736505236,0.6585559844969999
1.135964079154791,0.9621880054470001
1.3938253492502697,0.511197984219
1.4006354185077368,0.9829789996150001
1.4081645502438411,0.910009980202
1.5217959103787857,1.0265760421799999
1.5087736666483422,0.830938994884
1.030769231556435,0.9651920199390001
1.4989538935474582,1.00054395199
1.3503416107608672,1.98318505287
1.85291904487417,1.27485501766
1.1620971122383232,1.28652596474
1.6939066762277535,1.3822449445700002
1.7491401858274271,1.73692405224
2.0169883641823243,1.25766801834
1.805709187958127,0.7533379793170001
1.4113620428300222,1.0849089622499999
1.5488012661275201,1.06249403954
1.5349954571861533,0.778762996197
1.48645423845593,0.825646996498
1.303485406756324,0.989183008671
1.4249131242325581,1.41809201241
1.6377578421413537,1.15167796612
1.713154651655693,1.25036406517
1.578851277939137,0.879401981831
1.4722347223350734,1.0894230604200001
1.4318106799545052,1.8090629577599997
1.9854807389031854,0.868739008904
1.4906499876132049,0.8521729707719999
1.3477547228571645,1.3078379631000001
1.6261950124473137,1.2625759840000002
1.662739146635594,0.760155975819
1.3705469592547082,1.06988704205
1.5056457607536424,0.8579840064049999
1.38179151191998,1.14932394028
1.4213049960255675,1.06714296341
0.984837248967209,0.740061998367
1.0651303348495622,0.679988026619
1.2564257384681659,0.7323921322820001
1.3153624886781023,0.835274994373
1.4492413518018792,0.600082993507
1.2260937787528616,1.0105639696100002
1.629253755313799,0.761397004128
1.2818412978103093,0.726006984711
1.2429945537699776,1.06432402134
1.467709469072475,0.5901079773899999
1.249490688547156,0.774465978146
1.3070280789886795,0.7406870126719999
1.3795035184506144,0.8908360004429999
1.4059394707695132,0.7620100975040001
1.3887609844813724,0.777450025082
1.2750222257084345,0.581107020378
1.3372493566756767,0.7908779978749999
1.334659079465844,0.890371978283
1.3969228573056165,0.788205981255
1.3224067378059874,0.730194985867
1.2274451586563724,0.9248933196069999
1.4180265837555335,1.26558697224
1.5200424740356069,0.7884140014650001
1.5054724824777475,0.91806101799
1.3579584407930847,0.656926989555
1.2482155680315696,0.825268030167
1.336699971335171,0.42572298645999995
0.983674928796261,0.9114630222319999
1.1807074744505617,0.7238519787790001
1.2738665782339298,0.9657319784160001
1.3149706001568242,0.719420015812
1.3248754236584073,0.714648008347
1.3298537847842564,0.618879973888
1.2770333552333077,0.850296974182
1.3890379543416813,0.611301481724
1.3165991617522768,0.840580999851
1.4035489507897159,0.590990006924
1.2705501421857501,1.1918078661
1.4941498698556694,1.07247805595
1.5764431759337905,0.7976800203319999
1.3238189133882043,0.714037001133
1.2231714554581081,0.8885610103610001
1.2060459270782482,0.736729025841
1.3639299745308329,0.9655410051350001
1.3549082771077412,0.856945991516
1.3985269523474433,0.583833992481
1.269275021670164,3.0475621223400005
2.2932316419895344,0.8865389823909999
1.7554698209409703,1.1864609718299999
1.696973045033031,0.87507301569
1.54201439243388,1.11197304726
1.5174673427875425,0.692927002907
1.3449043164018564,0.563274979591
1.2547594708420173,0.551968991756
1.042499937819725,0.921135008335
1.3076322228063473,0.546503007412
1.1363533197806552,0.9997850060460001
1.370060064245974,0.75122398138
1.4384089175788488,0.840256989002
1.2604385710102386,0.784314990044
1.2639882336864872,0.591548025608
1.167017113749247,0.610984027386
1.0983336723518538,0.9328789711000001
1.5056573055776477,0.799202024937
1.3815052214678138,0.983354985714
1.426924359673248,0.54052901268
1.3322025739323287,1.0936700105700001
1.5711299089959732,0.926633000374
1.4570934208626802,0.797241985798
1.2710599150108615,0.589605987072
1.277212352963297,0.7799540162090001
1.1345631306491295,0.518279016018
1.1359974426370079,0.7263879776000001
1.1931592555930037,0.621636688709
1.2935313324000397,0.881067991257
1.4807965332826543,0.731501698494
1.3027348872801678,0.970385015011
1.5005675210127756,0.871535003185
1.4453012834257843,0.5505740046500001
1.26186970552362,0.257629990578
1.0619038213296434,0.6952109932899999
1.1303177069738872,0.35474300384499996
1.16727978497432,1.30835092068
1.494503522767169,1.42471003532
1.6055299893095951,2.4222431182900004
2.2087716160520108,1.58809316158
1.9455513233859603,2.8828899860400004
2.3585725920478735,1.51081001759
2.0896917344815,0.5103110075
1.2682120505351508,0.663749992847
1.2352933088319604,0.586565971375
0.8284098087818889,0.9182999730109999
1.233580650078158,1.1263630390200001
1.5232557480784554,0.9455379843709999
1.4559089642860708,0.7979699969290001
1.3441203275276667,0.88952600956
1.5396869982807535,0.501745998859
1.1914757236887557,0.788908004761
1.3905658959114002,0.557146012783
0.9011043351103816,0.8079270124439999
1.256668497519725,0.7382910251620001
1.3303723486221426,0.6742079854009999
1.3704475043029567,0.878771364689
1.2826983685979265,0.7401880025859999
1.15217227064741,0.8886500000949998
1.4227805092660883,0.798327028751
1.3158158083729865,0.513779997826
0.8614419333667085,0.776037275791
1.372474309368681,0.852828025818
1.2840069585115461,0.785162985325
1.3131971457243152,0.8431609869
1.6355603007793316,1.02479887009
1.517141439819982,0.8044279813770001
1.4574518399859249,0.8841310143469999
1.3881527099468587,0.36156499385799995
1.1164970698182017,1.1714910268799998
1.5753781923982626,0.44779101014100003
1.1535375255228904,0.766573011875
1.310089152003129,0.773559987545
1.251626057324856,1.05482304096
1.4774322232853887,0.784330010414
1.3508060516164904,1.0342509746600002
1.4844749895918419,1.09697902203
1.5895928363915575,0.7633029818529999
1.3807192201931096,0.5883730053899999
1.0795894325474815,0.636563003063
1.3231326848127012,0.575070023537
1.1828405130802975,0.539964020252
1.1874509226594114,1.32467114925
1.6677386909247556,0.817846000195
1.4466723636711754,0.635960996151
1.273498520771378,0.813592016697
1.334880867185724,0.987214028835
1.5283924533500644,0.983928978443
1.5734839939348733,0.590479016304
1.3329314865819062,0.898679018021
1.0051646124817288,0.626800000668
1.2819417060044098,0.692685008049
1.2380666085728118,0.575704991817
1.230583762048545,0.676468014717
1.2255587979634086,0.827947020531
1.3287062928276272,0.654785990715
1.2559135295792734,1.0858155489
1.3871545592915813,0.8509550094600001
1.5313443271576388,0.887935996056
1.4176081103642981,0.6557850241659999
1.2095806556243616,0.659780979156
1.3355276950774664,0.885627985001
1.3047750377387792,0.750299990177
1.3396340512855631,0.930316030979
1.4207869617667643,0.7259460091590001
1.3096602988618706,0.7123904824259999
1.1076207948112493,0.9326570034029998
1.419765827379293,0.654497027397
1.309823832882642,0.498726993799
1.15999510694284,0.9782410264020002
1.3200951251095285,0.559324026108
1.1903690093215025,0.8733990192409999
1.3586887303482775,0.6232500076290001
1.214601488992652,0.631924986839
1.256340158488384,0.833535015583
1.2396537570839887,0.861343026161
1.293850244923707,1.03601300716
1.4457661479446735,0.6160370111469999
1.3565308015016497,0.987452983856
1.4649097962933,0.668673992157
1.3170073613093054,0.645533978939
1.1747417660827244,1.00703001022
1.4121043008724865,0.7763000130650001
1.4632759389070193,0.9358490109440001
0.8945088512972685,0.6626719832419999
1.2891853946148804,1.11335194111
1.3865971243490172,0.54953199625
0.9580333451015749,0.927363276482
1.363989393303924,0.821533024311
1.3816435475242435,0.919354021549
0.9805638635163945,0.6899859905239999
1.2428685139482694,0.649773895741
1.3790226606434244,0.970504999161
1.3858898185260182,0.8034440279009999
1.3506463305651153,0.8920990228650001
1.3774849748185816,0.746227025986
1.382345875303864,1.4954074621200002
1.5760413313257553,0.7597569823270001
1.4166341085151968,0.967728018761
1.338357447948545,1.12601101398
1.4176844756680391,0.764141976833
1.3346610918663586,1.42381894588
1.7128590406116693,0.830919027328
0.9436540020135264,0.531687021255
1.1593559049898903,0.694292008877
1.2326037885020096,1.09710001945
1.4852700996267705,0.86237102747
1.4247356093240007,0.971195995808
1.541961222693966,0.750190496445
1.33592742136917,0.565989017487
1.1598874964732133,0.7235890030859999
0.9326160911063663,1.0888769626600001
1.1197539811774737,0.261454999447
1.192629994257645,0.192316800356
0.9650796066299745,0.204839006066
0.9093354768786569,0.375299990177
0.9729508464535732,0.18789100647
0.9765252934308971,0.417883992195
0.8317341355584024,0.612834990025
1.2434338925770756,0.48221001029
1.2521469513107066,0.813664972782
1.3108654090227096,0.899798989296
1.469659802918642,0.766745984554
1.3368837352769056,0.6762999892229999
1.2427669406801867,0.9804093837740001
1.4527418695392431,1.07553303242
1.4863448274174218,0.645973980427
1.309895326058821,0.76016998291
1.353324835650144,0.8707180023190001
1.405549700564566,1.04555702209
0.844067026196754,0.483233988285
1.116453008838512,1.08598899841
1.4238572494572546,0.7320979833600001
1.3103032078684,0.712899029255
1.2315302257853402,1.0453890562100001
1.3829655887465664,0.735920011997
1.151584861528759,0.8956930041310001
1.3365865354956334,0.874550998211
1.479023396597595,0.923747003078
1.0979558706341783,0.9997780323030001
1.2483233903328295,1.73953402042
1.9231954601526509,0.810788989067
1.533883764775522,0.7049050331119999
1.3764753852551157,0.832826972008
1.4394586492367918,0.827660024166
0.8635187836557584,0.8953109979629998
0.9533525015044475,1.45950102806
1.7245944071708883,1.17951905727
1.7307067030288468,1.4434119463
1.753983292455527,1.30673503876
1.7434244387866753,0.763499975204
1.4161041057691222,1.1451480388600002
1.4419015975457872,0.725345015526
1.4085641706197285,0.76335901022
1.3829722614430098,0.61748200655
1.254924064020954,1.02932298183
1.4738578822238813,1.30205595493
1.6527538271134241,3.16412496567
2.392565849710082,0.9734439849850001
1.874529472590518,1.2296710014299999
1.39024306450252,0.744153022766
1.4275810377359306,1.0630340576200001
1.4943914638332467,1.1238720417
1.5663511991843426,0.898477017879
0.9256018161545684,0.7175139784810001
1.3845295416939163,0.536750972271
1.1355613872202235,1.17544305325
1.5633937118384906,1.10104894638
1.4703346985017731,0.573449015617
1.236980653705605,1.4311449527700002
1.6503894683403175,1.0377949476200001
1.6123284078272404,0.656862020493
1.3314233512698843,1.0749080181100001
1.5532882837803397,1.3859720230099999
1.610860520525512,1.0048049688299998
1.5185134733077224,1.6095399856600001
1.759934066693229,2.8175759315499995
2.5936112279064556,1.96256256104
1.9078014435419415,1.27975201607
1.82792693696664,1.9953299760799998
2.0973407629219523,2.03338599205
2.2841033932549815,1.3074439764
1.849353494825437,1.61125802994
1.7253917414379647,2.04021811485
1.947709040400955,2.18324494362
2.347256969869689,1.35141599178
1.8760241565938367,0.7242180109020001
1.3915529254059387,1.3633890152
1.6371382346144676,1.52680897713
1.6028090119821254,1.7840195894199997
2.0068352740067206,1.10359704494
1.6443892314162811,1.76300799847
1.8433900106897476,1.15754902363
1.0254448434578787,1.15332603455
1.5484751513283266,2.3628110885599996
1.9151765736807653,2.58078789711
2.494907431126083,1.24214696884
1.848508710272541,1.7128210067700003
1.7354722792792237,0.6676509976389999
1.390624891021225,0.8271329998970001
1.2861121412815264,0.9642647504809999
1.4665170688096236,1.3941617012
1.030716803227237,0.758404970169
1.3212147612064022,0.690075993538
1.2790830381154097,0.674024999142
1.0250012680181184,0.861522018909
1.3791635286794512,0.790746986866
1.385782313972208,0.728500008583
1.2842359485069526,0.24119800329199997
1.068967770799409,0.335460007191
0.921337327632345,0.591246008873
1.1341326887706227,1.0584269762
1.4647255027724826,0.766991972923
1.470987457679243,0.588123977184
1.0486265323129196,0.5922303199769999
1.1363231337729351,0.875351011753
1.324989071329578,0.7038279771799999
1.3083563692441798,0.567749977112
1.2548478046330298,0.713387012482
1.2011333396744839,1.07750594616
1.49843077532946,0.690941989422
1.3601642435887986,0.772458016872
1.3211293930582535,0.7237120270730001
1.4179181259593743,0.9752489924429999
1.5792139336950441,0.9151769876479999
1.412729310106017,0.757400989532
1.2559415972706622,0.691206991673
1.2658733233896522,1.1835279464700001
1.513879974080598,0.7705749869349999
1.3173126106926363,0.8947700262069999
1.049213835515754,0.614335000515
1.343958594075777,0.769231975079
1.2578564493182811,0.907074987888
1.3754394226533257,0.40680998563799997
1.1479563974849885,0.513888001442
1.3349418746960635,0.24814699590199998
1.0426868792359565,0.256875991821
0.9556154988411045,0.598065972328
1.2144109464386574,0.598169982433
1.1700883546820864,0.880114018917
1.0909763360702125,1.08564901352
1.6143845515741526,0.9920129776000002
1.4526556540645619,0.8743849992749999
1.420052859242175,0.8770260214810001
1.5284303712123934,1.008928895
1.564713952491932,0.808875977993
1.512325447640922,0.6714209914210001
1.2435087750593847,0.744962990284
0.9431023924408732,0.694267988205
0.9490178967116603,1.00188601017
0.8751493994723977,0.793558001518
1.3587183867769148,0.845004916191
1.4803470265571665,0.803124010563
1.2987927005877418,0.5744469761850001
1.1852721283969208,0.567972004414
1.1979211247898007,0.453808009624
1.0275516149651074,0.8494881391529999
1.2414164081032084,0.40645998716399995
1.0251889508450656,0.24535199999799998
1.001774247193589,2.32321810722
1.8487521048189999,2.02711558342
2.2164863122987315,1.5811179876299999
1.9664756284426217,1.72704994678
2.0151945739130355,1.15064203739
1.749971942734886,1.6079339981099998
1.7893189271768384,1.33123397827
1.7215522930876033,1.22164201736
1.5971174137475497,1.58354198933
1.8322597411905457,1.60866212845
1.736308272819345,2.18565392494
2.2000030574305014,2.98955988884
2.6731245615472816,0.75744998455
1.633129956452507,1.8113440275200001
1.5435786631286796,1.5279519558
1.7386240162326498,0.889223575592
